first_name,last_name,email,phone,created_at
Eudora,Nikolaus,brandyn.auer@hoeger.io,6794118637,2017-06-06 11:58:05 -0500
Chadd,Hauck,tommie.prosacco@lindgren.biz,1587379632,2017-06-06 11:58:05 -0500
Natalia,Schneider,orie@schuster.io,6633245825,2017-06-06 11:58:05 -0500
Kathryne,Barton,laurianne_dooley@fahey.io,6294963035,2017-06-06 11:58:05 -0500
Piper,Hagenes,keeley@rowe.info,5698999085,2017-06-06 11:58:05 -0500
Leonard,Torp,chaz@romaguerablanda.net,9978689020,2017-06-06 11:58:05 -0500
Marques,Morar,jasen@schinnerbergnaum.info,2829304615,2017-06-06 11:58:05 -0500
Marquise,Kilback,hazel_stiedemann@tremblay.org,4766778617,2017-06-06 11:58:05 -0500
Connor,Funk,alison.hauck@shields.info,5109012357,2017-06-06 11:58:05 -0500
Kody,Hegmann,jordon_bailey@beahan.co,8389363063,2017-06-06 11:58:05 -0500
Coy,Kub,suzanne@stehr.net,7088660168,2017-06-06 11:58:05 -0500
Sigmund,Armstrong,camylle@gloverokeefe.com,4561424364,2017-06-06 11:58:05 -0500
Clint,Schamberger,karlie.beatty@bednarleannon.biz,8742015943,2017-06-06 11:58:05 -0500
Gracie,Hansen,bertrand_emmerich@sanfordmarks.com,1538371558,2017-06-06 11:58:05 -0500
Garrett,Mayert,tyrese@batzturner.io,9194565076,2017-06-06 11:58:05 -0500
Floy,Rippin,alia_bayer@jerde.co,4472872414,2017-06-06 11:58:05 -0500
Rex,Tremblay,isaias.schuster@weber.com,5450653600,2017-06-06 11:58:05 -0500
Ariane,Wintheiser,rodrick@huelslindgren.org,7367930588,2017-06-06 11:58:05 -0500
Rodolfo,Crona,kendall@deckow.org,4832985614,2017-06-06 11:58:05 -0500
Vivianne,Larkin,kenton@ornbernier.name,6999253485,2017-06-06 11:58:05 -0500
